HISSP-1014-Belem3,HISSP-1014-Belem3-EN-BRA-0000-036-BB_S3,Eurotiomyces,Ascomycota
HISSP-1023-Belem4,HISSP-1023-Belem4-EN-BRA-0000-036-BB_S4,Eurotiomyces,Ascomycota
HISSP-11571-Belem1,HISSP-11571-Belem1-EN-BRA-0000-036-BB_S1,Eurotiomyces,Ascomycota
HISSP-11572-Belem2,HISSP-11572-Belem2-EN-BRA-0000-036-BB_S2,Eurotiomyces,Ascomycota
HISSP-2202-Belem5,HISSP-2202-Belem5-EN-BRA-0000-036-BB_S5,Eurotiomyces,Ascomycota
HISSP-2350H60-Histo74,HISSP-2350H60-Histo74-CL-COL-0000-036-BB_S23,Eurotiomyces,Ascomycota
HISSP-2351H61,HISSP-2351H61-xx-xx-COL-xxxx-036-BB_S43,Eurotiomyces,Ascomycota
HISSP-2352H62,HISSP-2352H62-xx-xx-COL-xxxx-036-BB_S44,Eurotiomyces,Ascomycota
HISSP-2355H73,HISSP-2355H73-xx-xx-COL-xxxx-036-BB_S45,Eurotiomyces,Ascomycota
HISSP-2359H68,HISSP-2359H68-xx-xx-COL-xxxx-036-BB_S46,Eurotiomyces,Ascomycota
HISSP-2363-Belem6,HISSP-2363-Belem6-EN-BRA-0000-036-BB_S6,Eurotiomyces,Ascomycota
HISSP-2363H70,HISSP-2363H70-xx-xx-COL-xxxx-036-BB_S47,Eurotiomyces,Ascomycota
HISSP-2365H75,HISSP-2365H75-xx-xx-COL-xxxx-036-BB_S48,Eurotiomyces,Ascomycota
HISSP-2367H76,HISSP-2367H76-xx-xx-COL-xxxx-036-BB_S49,Eurotiomyces,Ascomycota
HISSP-3865-Belem8,HISSP-3865-Belem8-EN-BRA-0000-036-BB_S8,Eurotiomyces,Ascomycota
HISSP-3948-Belem7,HISSP-3948-Belem7-EN-BRA-0000-036-BB_S7,Eurotiomyces,Ascomycota
HISSP-4107-Belem11,HISSP-4107-Belem11-EN-BRA-0000-036-BB_S11,Eurotiomyces,Ascomycota
HISSP-4182-Belem9,HISSP-4182-Belem9-EN-BRA-0000-036-BB_S9,Eurotiomyces,Ascomycota
HISSP-4265-Belem15,HISSP-4265-Belem15-EN-BRA-0000-036-BB_S15,Eurotiomyces,Ascomycota
HISSP-4336-Belem10,HISSP-4336-Belem10-EN-BRA-0000-036-BB_S10,Eurotiomyces,Ascomycota
HISSP-4337-Belem17,HISSP-4337-Belem17-EN-BRA-0000-036-BB_S17,Eurotiomyces,Ascomycota
HISSP-4516-Belem12,HISSP-4516-Belem12-EN-BRA-0000-036-BB_S12,Eurotiomyces,Ascomycota
HISSP-4729-Belem16,HISSP-4729-Belem16-EN-BRA-0000-036-BB_S16,Eurotiomyces,Ascomycota
HISSP-47692-Belem14,HISSP-47692-Belem14-EN-BRA-0000-036-BB_S14,Eurotiomyces,Ascomycota
HISSP-4809-Belem13,HISSP-4809-Belem13-EN-BRA-0000-036-BB_S13,Eurotiomyces,Ascomycota
HISSP-5215-Belem18,HISSP-5215-Belem18-EN-BRA-0000-036-BB_S18,Eurotiomyces,Ascomycota
HISSP-52292-Belem19,HISSP-52292-Belem19-EN-BRA-0000-036-BB_S43,Eurotiomyces,Ascomycota
HISSP-5254-Belem20,HISSP-5254-Belem20-EN-BRA-0000-036-BB_S44,Eurotiomyces,Ascomycota
HISSP-B04187,HISSP-B04187-xx-EN-BRA-xxxx-036-BB_S57,Eurotiomyces,Ascomycota
HISSP-B04188,HISSP-B04188-xx-EN-BRA-xxxx-036-BB_S58,Eurotiomyces,Ascomycota
HISSP-B05368,HISSP-B05368-xx-xx-xxx-xxxx-036-BB_S67,Eurotiomyces,Ascomycota
HISSP-B05593-Histo79,HISSP-B05593-Histo79-CL-PAN-0000-036-BB_S28,Eurotiomyces,Ascomycota
HISSP-B05821,HISSP-B05821-xx-CL-BRA-xxxx-036-BB_S51,Eurotiomyces,Ascomycota
HISSP-B05823,HISSP-B05823-xx-CL-BRA-xxxx-036-BB_S61,Eurotiomyces,Ascomycota
HISSP-B06379,HISSP-B06379-xx-EN-NIC-xxxx-036-BB_S71,Eurotiomyces,Ascomycota
HISSP-CM5678,HISSP-CM5678-xx-CL-ECU-xxxx-036-BB_S1,Eurotiomyces,Ascomycota
HISSP-CM5731,HISSP-CM5731-xx-CL-GTM-xxxx-036-BB_S4,Eurotiomyces,Ascomycota
HISSP-CM5787,HISSP-CM5787-xx-CL-ECU-xxxx-036-BB_S5,Eurotiomyces,Ascomycota
HISSP-CM6015,HISSP-CM6015-xx-CL-PER-xxxx-036-BB_S7,Eurotiomyces,Ascomycota
HISSP-CM6066,HISSP-CM6066-xx-CL-ECU-xxxx-036-BB_S8,Eurotiomyces,Ascomycota
HISSP-CM6305,HISSP-CM6305-xx-CL-ECU-xxxx-036-BB_S9,Eurotiomyces,Ascomycota
HISSP-CM6306,HISSP-CM6306-xx-CL-ARG-xxxx-036-BB_S10,Eurotiomyces,Ascomycota
HISSP-CM6408,HISSP-CM6408-xx-CL-PAN-xxxx-036-BB_S11,Eurotiomyces,Ascomycota
HISSP-CM6409,HISSP-CM6409-xx-CL-PAN-xxxx-036-BB_S12,Eurotiomyces,Ascomycota
HISSP-CM6556,HISSP-CM6556-xx-CL-VEN-xxxx-036-BB_S13,Eurotiomyces,Ascomycota
HISSP-CM7441,HISSP-CM7441-xx-CL-URY-xxxx-036-BB_S21,Eurotiomyces,Ascomycota
HISSP-CM7450,HISSP-CM7450-xx-CL-ECU-xxxx-036-BB_S22,Eurotiomyces,Ascomycota
HISSP-CM8079,HISSP-CM8079-xx-CL-xxx-xxxx-036-BB_S25,Eurotiomyces,Ascomycota
HISSP-CM8081,HISSP-CM8081-xx-CL-COL-xxxx-036-BB_S26,Eurotiomyces,Ascomycota
HISSP-CM8082,HISSP-CM8082-xx-CL-COL-xxxx-036-BB_S27,Eurotiomyces,Ascomycota
HISSP-FGGRO2025,HISSP-FGGRO2025-uu-CL-GUF-xxxx-036-BB_S15_L001,Eurotiomyces,Ascomycota
HISSP-HC7090-S110,HISSP-HC7090-uu-CL-VEN-xxxx-036-BB_S110_L006,Eurotiomyces,Ascomycota
HISSP-A290302130,HISSP-A290302130-uu-CL-GUF-xxxx-036-BB_S33_L002,Eurotiomyces,Ascomycota
HISSP-CM5679,HISSP-CM5679-xx-CL-MEX-xxxx-036-BB_S2,Eurotiomyces,Ascomycota
HISSP-CM5692,HISSP-CM5692-xx-CL-MEX-xxxx-036-BB_S3,Eurotiomyces,Ascomycota
HISSP-CM7057,HISSP-CM7057-xx-CL-MEX-xxxx-036-BB_S15,Eurotiomyces,Ascomycota
HISSP-CM7717,HISSP-CM7717-xx-CL-MEX-xxxx-036-BB_S29,Eurotiomyces,Ascomycota
HISSP-FGACO2005-uu,HISSP-FGACO2005-uu-CL-GUF-xxxx-036-BB_S1_L001,Eurotiomyces,Ascomycota
HISSP-FGACO2005,HISSP-FGACO2005-xx-CL-GUF-xxxx-036-BB_S10,Eurotiomyces,Ascomycota
HISSP-FGADA2079,HISSP-FGADA2079-xx-CL-GUF-xxxx-036-BB_S30,Eurotiomyces,Ascomycota
HISSP-FGAMA0346,HISSP-FGAMA0346-xx-CL-GUF-xxxx-036-BB_S29,Eurotiomyces,Ascomycota
HISSP-FGAMA2041-uu,HISSP-FGAMA2041-uu-CL-GUF-xxxx-036-BB_S12_L001,Eurotiomyces,Ascomycota
HISSP-FGAMA2041,HISSP-FGAMA2041-xx-CL-GUF-xxxx-036-BB_S6,Eurotiomyces,Ascomycota
HISSP-FGAME2039,HISSP-FGAME2039-uu-CL-GUF-xxxx-036-BB_S2_L001,Eurotiomyces,Ascomycota
HISSP-FGBEL2002,HISSP-FGBEL2002-xx-CL-GUF-xxxx-036-BB_S25,Eurotiomyces,Ascomycota
HISSP-FGBIK2051,HISSP-FGBIK2051-xx-CL-GUF-xxxx-036-BB_S2,Eurotiomyces,Ascomycota
HISSP-FGBON2001-uu,HISSP-FGBON2001-uu-CL-GUF-xxxx-036-BB_S13_L001,Eurotiomyces,Ascomycota
HISSP-FGBON2001,HISSP-FGBON2001-xx-CL-GUF-xxxx-036-BB_S21,Eurotiomyces,Ascomycota
HISSP-FGBRE2013,HISSP-FGBRE2013-xx-CL-GUF-xxxx-036-BB_S4,Eurotiomyces,Ascomycota
HISSP-FGBRU0291-uu,HISSP-FGBRU0291-uu-CL-GUF-xxxx-036-BB_duplicate_S31_L002,Eurotiomyces,Ascomycota
HISSP-FGBRU0291-uu2,HISSP-FGBRU0291-uu-CL-GUF-xxxx-036-BB_S14_L001,Eurotiomyces,Ascomycota
HISSP-FGBRU0291,HISSP-FGBRU0291-xx-CL-GUF-xxxx-036-BB_S5,Eurotiomyces,Ascomycota
HISSP-FGCAN2034,HISSP-FGCAN2034-xx-CL-GUF-xxxx-036-BB_S28,Eurotiomyces,Ascomycota
HISSP-FGCLE2015,HISSP-FGCLE2015-uu-CL-GUF-xxxx-036-BB_S8_L001,Eurotiomyces,Ascomycota
HISSP-FGCRI2041,HISSP-FGCRI2041-uu-CL-GUF-xxxx-036-BB_S17_L001,Eurotiomyces,Ascomycota
HISSP-FGDAS2062,HISSP-FGDAS2062-uu-CL-GUF-xxxx-036-BB_S3_L001,Eurotiomyces,Ascomycota
HISSP-FGDEE2016,HISSP-FGDEE2016-uu-CL-GUF-xxxx-036-BB_S18_L001,Eurotiomyces,Ascomycota
HISSP-FGDEO2015,HISSP-FGDEO2015-xx-CL-GUF-xxxx-036-BB_S37,Eurotiomyces,Ascomycota
HISSP-FGDEO2088,HISSP-FGDEO2088-xx-CL-GUF-xxxx-036-BB_S15,Eurotiomyces,Ascomycota
HISSP-FGDOS0487,HISSP-FGDOS0487-uu-CL-GUF-xxxx-036-BB_S19_L001,Eurotiomyces,Ascomycota
HISSP-FGFAN2059,HISSP-FGFAN2059-xx-CL-GUF-xxxx-036-BB_S12,Eurotiomyces,Ascomycota
HISSP-FGFAR0189,HISSP-FGFAR0189-xx-CL-GUF-xxxx-036-BB_S22,Eurotiomyces,Ascomycota
HISSP-FGFER2036,HISSP-FGFER2036-xx-CL-GUF-xxxx-036-BB_S16,Eurotiomyces,Ascomycota
HISSP-FGFIN2028,HISSP-FGFIN2028-xx-CL-GUF-xxxx-036-BB_S11,Eurotiomyces,Ascomycota
HISSP-FGGRE2022,HISSP-FGGRE2022-xx-CL-GUF-xxxx-036-BB_S27,Eurotiomyces,Ascomycota
HISSP-FGJOS2044,HISSP-FGJOS2044-xx-CL-GUF-xxxx-036-BB_S20,Eurotiomyces,Ascomycota
HISSP-FGKOU2024,HISSP-FGKOU2024-xx-CL-GUF-xxxx-036-BB_S24,Eurotiomyces,Ascomycota
HISSP-FGLEB2048,HISSP-FGLEB2048-xx-CL-GUF-xxxx-036-BB_S32,Eurotiomyces,Ascomycota
HISSP-FGLIN2055,HISSP-FGLIN2055-uu-CL-GUF-xxxx-036-BB_S29_L002,Eurotiomyces,Ascomycota
HISSP-FGMAR2044,HISSP-FGMAR2044-xx-CL-GUF-xxxx-036-BB_S9,Eurotiomyces,Ascomycota
HISSP-FGMARTIN,HISSP-FGMARTIN-xx-CL-GUF-xxxx-036-BB_S36,Eurotiomyces,Ascomycota
HISSP-FGMEL2036,HISSP-FGMEL2036-uu-CL-GUF-xxxx-036-BB_S28_L002,Eurotiomyces,Ascomycota
HISSP-FGNON2028,HISSP-FGNON2028-xx-CL-GUF-xxxx-036-BB_S26,Eurotiomyces,Ascomycota
HISSP-FGNOR2087,HISSP-FGNOR2087-xx-CL-GUF-xxxx-036-BB_S17,Eurotiomyces,Ascomycota
HISSP-FGPERS2034,HISSP-FGPERS2034-xx-CL-GUF-xxxx-036-BB_S23,Eurotiomyces,Ascomycota
HISSP-FGPIA2052,HISSP-FGPIA2052-xx-CL-GUF-xxxx-036-BB_S19,Eurotiomyces,Ascomycota
HISSP-FGPIC2055,HISSP-FGPIC2055-xx-CL-GUF-xxxx-036-BB_S18,Eurotiomyces,Ascomycota
HISSP-FGPIE2055,HISSP-FGPIE2055-xx-CL-GUF-xxxx-036-BB_S34,Eurotiomyces,Ascomycota
HISSP-FGPIN2043,HISSP-FGPIN2043-uu-CL-GUF-xxxx-036-BB_S21_L002,Eurotiomyces,Ascomycota
HISSP-FGPIR2086,HISSP-FGPIR2086-xx-CL-GUF-xxxx-036-BB_S1,Eurotiomyces,Ascomycota
HISSP-FGPOE2043,HISSP-FGPOE2043-uu-CL-GUF-xxxx-036-BB_S4_L001,Eurotiomyces,Ascomycota
HISSP-FGPSO2043,HISSP-FGPSO2043-xx-CL-GUF-xxxx-036-BB_S8,Eurotiomyces,Ascomycota
HISSP-FGROD2046,HISSP-FGROD2046-uu-CL-GUF-xxxx-036-BB_S27_L002,Eurotiomyces,Ascomycota
HISSP-FGSAT2037,HISSP-FGSAT2037-uu-CL-GUF-xxxx-036-BB_S16_L001,Eurotiomyces,Ascomycota
HISSP-FGSOU0318,HISSP-FGSOU0318-uu-CL-GUF-xxxx-036-BB_S26_L002,Eurotiomyces,Ascomycota
HISSP-FGSOU2029,HISSP-FGSOU2029-xx-CL-GUF-xxxx-036-BB_S38,Eurotiomyces,Ascomycota
HISSP-FGTON2042,HISSP-FGTON2042-uu-CL-GUF-xxxx-036-BB_S5_L001,Eurotiomyces,Ascomycota
HISSP-FGTRO0285,HISSP-FGTRO0285-xx-CL-GUF-xxxx-036-BB_S7,Eurotiomyces,Ascomycota
HISSP-FGVER2032,HISSP-FGVER2032-uu-CL-GUF-xxxx-036-BB_S25_L002,Eurotiomyces,Ascomycota
HISSP-FGWIL2021,HISSP-FGWIL2021-uu-CL-GUF-xxxx-036-BB_S24_L002,Eurotiomyces,Ascomycota
HISSP-FGZAA2004,HISSP-FGZAA2004-uu-CL-GUF-xxxx-036-BB_S32_L002,Eurotiomyces,Ascomycota
HISSP-FGZUL2036,HISSP-FGZUL2036-xx-CL-GUF-xxxx-036-BB_S13,Eurotiomyces,Ascomycota
HISSP-GJJ,HISSP-GJJ-xx-CL-GUY-xxxx-036-BB_S33,Eurotiomyces,Ascomycota
HISSP-HC7072a,HISSP-HC7072a-uu-CL-VEN-xxxx-036-BB_S48_L003,Eurotiomyces,Ascomycota
HISSP-HC7090-S10,HISSP-HC7090-uu-CL-VEN-xxxx-036-BB_S10_L006,Eurotiomyces,Ascomycota
HISSP-HCAM,HISSP-HCAM-uu-CL-VEN-xxxx-036-BB_S49_L003,Eurotiomyces,Ascomycota
HISSP-SADA2068,HISSP-SADA2068-uu-CL-SUR-xxxx-036-BB_S6_L001,Eurotiomyces,Ascomycota
HISSP-SASA2073,HISSP-SASA2073-uu-CL-SUR-xxxx-036-BB_S22_L002,Eurotiomyces,Ascomycota
HISSP-SASAAZP1,HISSP-SASAAZP1-uu-CL-SUR-xxxx-036-BB_S9_L001,Eurotiomyces,Ascomycota
HISSP-SDIJ2058,HISSP-SDIJ2058-uu-CL-SUR-xxxx-036-BB_S23_L002,Eurotiomyces,Ascomycota
HISSP-SDOR2042,HISSP-SDOR2042-xx-CL-SUR-xxxx-036-BB_S14,Eurotiomyces,Ascomycota
HISSP-SMAC2055,HISSP-SMAC2055-xx-CL-SUR-xxxx-036-BB_S35,Eurotiomyces,Ascomycota
HISSP-SMIS2065,HISSP-SMIS2065-uu-CL-SUR-xxxx-036-BB_S7_L001,Eurotiomyces,Ascomycota
HISSP-SPA2057,HISSP-SPA2057-uu-CL-SUR-xxxx-036-BB_S20_L001,Eurotiomyces,Ascomycota
HISSP-SROB2039,HISSP-SROB2039-uu-CL-SUR-xxxx-036-BB_S10_L001,Eurotiomyces,Ascomycota
HISSP-STAN2075,HISSP-STAN2075-uu-CL-SUR-xxxx-036-BB_S11_L001,Eurotiomyces,Ascomycota
HISSP-SVER2054,HISSP-SVER2054-xx-CL-SUR-xxxx-036-BB_S31,Eurotiomyces,Ascomycota
NACVFR_Histo_HC1070058,NACVFR_Histo_HC1070058_2_S17_L002,Eurotiomyces,Ascomycota
NACVFR_Histo_HC3066,NACVFR_Histo_HC3066_S90_L008,Eurotiomyces,Ascomycota
NACVFR_Histo_hc3645,NACVFR_Histo_hc3645_S30_L003,Eurotiomyces,Ascomycota
NACVFR_Histo_HC394,NACVFR_Histo_HC394_15_S91_L008,Eurotiomyces,Ascomycota
NACVFR_Histo_HC4137,NACVFR_Histo_HC4137_S92_L008,Eurotiomyces,Ascomycota
NACVFR_Histo_HC776,NACVFR_Histo_HC776_13_S68_L006,Eurotiomyces,Ascomycota
NACVFR_Histo_HC970588,NACVFR_Histo_HC970588_S80_L007,Eurotiomyces,Ascomycota
NACVFR_Histo_HC970591,NACVFR_Histo_HC970591_S81_L007,Eurotiomyces,Ascomycota
NACVFR_Histo_hcjb,NACVFR_Histo_hcjb_S45_L004,Eurotiomyces,Ascomycota
NACVFR_Histo_HCM,NACVFR_Histo_HCM_H_S93_L008,Eurotiomyces,Ascomycota
NACVFR_Histo_HCR,NACVFR_Histo_HCR_P_S69_L006,Eurotiomyces,Ascomycota
HC21_14,HC21_14_CATGGCTA-GATGTGTG_S1_L001,Eurotiomyces,Ascomycota
HC27_14,HC27_14_AGCGTGTT-TTGCGAAG_S2_L001,Eurotiomyces,Ascomycota
HCCI_17,HCCI_17_CAACACCT-TGGTAGCT_S3_L001,Eurotiomyces,Ascomycota
HCCI_19,HCCI_19_TTGCAGAC-ACCACGAT_S4_L001,Eurotiomyces,Ascomycota
HCCI_43,HCCI_43_TACGCCTT-AGAGTAGC_S5_L001,Eurotiomyces,Ascomycota
HCCI_6,HCCI_6_AAGCACTG-GTTGACCT_S6_L001,Eurotiomyces,Ascomycota
HCG186A,HCG186A_AACCGTTC-TGAGCTAG_S7_L001,Eurotiomyces,Ascomycota
HCG217B,HCG217B_GCTATCCT-CACCTGTT_S8_L001,Eurotiomyces,Ascomycota
HCH143,HCH143_TCGCTGTT-ACGACTTG_S9_L001,Eurotiomyces,Ascomycota
HCH88,HCH88_ATCGATCG-TGCTTCCA_S10_L001,Eurotiomyces,Ascomycota
HCWU24,HCWU24_TTGGACGT-AGCACTTC_S11_L001,Eurotiomyces,Ascomycota
CDD_10-18,CDD_10-18CDD-10_GTCCGCA_S16_L001,Eurotiomyces,Ascomycota
CDD_11-18,CDD_11-18CDD-11_CCGTCCC_S3_L001,Eurotiomyces,Ascomycota
CDD_18-18,CDD_18-18CDD-18_AGTTCCG_S4_L001,Eurotiomyces,Ascomycota
